1,Standard CPU,2023-01-01T10:00:00Z
2,GPU unit,2023-05-15T11:30:00Z
3,Memory Module,2025-12-20T09:00:00Z
4,Logic Controller,2025-12-25T01:25:06.037885
1,Standard CPU,2023-01-01T10:00:00Z
2,GPU unit,2023-05-15T11:30:00Z
3,Memory Module,2025-12-20T09:00:00Z
4,Logic Controller,2025-12-25T01:26:06.945853
1,Standard CPU,2023-01-01T10:00:00Z
2,GPU unit,2023-05-15T11:30:00Z
3,Memory Module,2025-12-20T09:00:00Z
4,Logic Controller,2025-12-25T01:28:07.938508
1,Standard CPU,2023-01-01T10:00:00Z
2,GPU unit,2023-05-15T11:30:00Z
3,Memory Module,2025-12-20T09:00:00Z
4,Logic Controller,2025-12-25T01:30:12.943570
1,Standard CPU,2023-01-01T10:00:00Z
2,GPU unit,2023-05-15T11:30:00Z
3,Memory Module,2025-12-20T09:00:00Z
4,Logic Controller,2025-12-25T01:32:08.792602
1,Standard CPU,2023-01-01T10:00:00Z
2,GPU unit,2023-05-15T11:30:00Z
3,Memory Module,2025-12-20T09:00:00Z
4,Logic Controller,2025-12-25T01:33:05.952334
1,Standard CPU,2023-01-01T10:00:00Z
2,GPU unit,2023-05-15T11:30:00Z
3,Memory Module,2025-12-20T09:00:00Z
4,Logic Controller,2025-12-25T01:42:56.213041
1,Standard CPU,2023-01-01T10:00:00Z
2,GPU unit,2023-05-15T11:30:00Z
3,Memory Module,2025-12-20T09:00:00Z
4,Logic Controller,2025-12-25T03:28:41.792467
1,Standard CPU,2023-01-01T10:00:00Z
2,GPU unit,2023-05-15T11:30:00Z
3,Memory Module,2025-12-20T09:00:00Z
4,Logic Controller,2025-12-25T03:28:58.718056
1,Standard CPU,2023-01-01T10:00:00Z
2,GPU unit,2023-05-15T11:30:00Z
3,Memory Module,2025-12-20T09:00:00Z
4,Logic Controller,2025-12-25T03:30:35.776249
1,Standard CPU,2023-01-01T10:00:00Z
2,GPU unit,2023-05-15T11:30:00Z
3,Memory Module,2025-12-20T09:00:00Z
4,Logic Controller,2025-12-25T03:30:47.754075
